file_name,class,resolution,class_label,width,height,aspect_ratio,file_size_kb,mean_intensity,std_intensity,skewness,kurtosis,entropy,edge_density
Blur(1).jpg,Blur,NA,Blur_NA,1504,2070,0.727,413.19,223.761,28.595,-3.037,9.078,3.582,0.067
Blur(10).jpg,Blur,NA,Blur_NA,1504,2084,0.722,371.29,232.267,25.31,-3.649,14.361,3.384,0.059
Blur(11).jpg,Blur,NA,Blur_NA,1472,2044,0.72,321.17,235.395,19.72,-3.542,14.142,3.158,0.054
Blur(12).jpg,Blur,NA,Blur_NA,1488,2070,0.719,340.66,226.737,20.693,-3.399,13.339,3.471,0.058
Blur(13).jpg,Blur,NA,Blur_NA,1504,2070,0.727,434.25,228.951,26.737,-2.998,9.087,3.535,0.071
Blur(14).jpg,Blur,NA,Blur_NA,1472,2044,0.72,338.99,227.344,21.694,-3.736,15.301,3.315,0.054
Blur(15).jpg,Blur,NA,Blur_NA,1504,2095,0.718,278.45,228.806,15.927,-4.003,20.476,3.209,0.039
Blur(16).jpg,Blur,NA,Blur_NA,1504,2095,0.718,282.71,228.804,16.317,-3.777,17.714,3.269,0.046
Blur(17).jpg,Blur,NA,Blur_NA,1472,2045,0.72,408.17,234.236,32.573,-3.047,9.307,3.666,0.063
Blur(18).jpg,Blur,NA,Blur_NA,1472,2030,0.725,443.54,231.274,33.814,-2.674,7.285,3.909,0.072
Blur(19).jpg,Blur,NA,Blur_NA,1408,1952,0.721,299.93,221.864,20.097,-3.639,15.636,3.443,0.051
Blur(2).jpg,Blur,NA,Blur_NA,1488,2058,0.723,332.4,217.985,19.887,-3.827,17.493,3.471,0.035
Blur(20).jpg,Blur,NA,Blur_NA,1456,2006,0.726,357.53,223.124,23.24,-3.166,11.234,3.621,0.061
Blur(21).jpg,Blur,NA,Blur_NA,1488,2070,0.719,430.22,217.275,34.797,-2.685,6.625,3.884,0.07
Blur(22).jpg,Blur,NA,Blur_NA,1472,2032,0.724,438.67,220.151,25.758,-2.41,5.509,3.829,0.079
Blur(23).jpg,Blur,NA,Blur_NA,1440,2006,0.718,302.89,240.522,23.147,-3.25,11.8,3.222,0.052
Blur(24).jpg,Blur,NA,Blur_NA,1472,2058,0.715,413.96,226.792,26.244,-3.048,9.423,3.587,0.067
Blur(25).jpg,Blur,NA,Blur_NA,1472,2044,0.72,432.82,226.598,27.579,-2.821,7.779,3.627,0.073
Blur(26).jpg,Blur,NA,Blur_NA,1488,2056,0.724,395.79,228.736,26.936,-3.175,10.279,3.576,0.062
Blur(27).jpg,Blur,NA,Blur_NA,1504,2084,0.722,423.9,223.979,31.264,-2.895,8.207,3.821,0.069
Blur(28).jpg,Blur,NA,Blur_NA,1536,2122,0.724,434.65,228.22,28.914,-2.891,8.598,3.708,0.065
Blur(29).jpg,Blur,NA,Blur_NA,1536,2136,0.719,378.13,233.479,24.705,-3.171,10.308,3.4,0.056
Blur(3).jpg,Blur,NA,Blur_NA,1504,2070,0.727,380.36,220.255,21.937,-3.548,14.237,3.574,0.04
Blur(30).jpg,Blur,NA,Blur_NA,1472,2044,0.72,340.6,210.509,22.281,-3.449,14.079,3.625,0.054
Blur(31).jpg,Blur,NA,Blur_NA,1456,2018,0.722,303.44,229.353,19.46,-3.725,15.99,3.306,0.047
Blur(32).jpg,Blur,NA,Blur_NA,1408,1966,0.716,337.79,235.783,30.204,-3.236,11.054,3.579,0.045
Blur(33).jpg,Blur,NA,Blur_NA,1504,2082,0.722,413.18,232.741,26.299,-2.969,8.801,3.361,0.071
Blur(34).jpg,Blur,NA,Blur_NA,1472,2044,0.72,382.97,223.989,24.659,-3.133,10.45,3.569,0.064
Blur(35).jpg,Blur,NA,Blur_NA,1520,2095,0.726,445.4,225.385,26.694,-3.021,8.964,3.509,0.065
Blur(36).jpg,Blur,NA,Blur_NA,1472,2058,0.715,348.58,230.738,21.589,-3.841,16.642,3.437,0.054
Blur(37).jpg,Blur,NA,Blur_NA,1312,1810,0.725,323.51,244.663,26.108,-3.401,11.657,2.403,0.067
Blur(38).jpg,Blur,NA,Blur_NA,1456,2018,0.722,467.66,230.225,31.79,-2.63,6.53,3.74,0.076
Blur(39).jpg,Blur,NA,Blur_NA,1424,1980,0.719,346.17,238.711,27.148,-3.563,13.653,3.272,0.059
Blur(4).jpg,Blur,NA,Blur_NA,1472,2044,0.72,343.85,217.66,20.994,-3.768,15.966,3.429,0.041
Blur(40).jpg,Blur,NA,Blur_NA,1456,2018,0.722,356.4,209.954,20.416,-3.131,11.827,3.719,0.057
Blur(41).jpg,Blur,NA,Blur_NA,1488,2056,0.724,343.16,245.771,26.802,-3.998,16.699,2.068,0.054
Blur(42).jpg,Blur,NA,Blur_NA,1472,2045,0.72,290.04,223.733,18.693,-3.574,15.382,3.436,0.042
Blur(43).jpg,Blur,NA,Blur_NA,1456,2018,0.722,378.62,219.414,23.212,-2.902,8.967,3.722,0.064
Blur(44).jpg,Blur,NA,Blur_NA,1456,2018,0.722,293.34,223.151,18.382,-3.47,14.902,3.479,0.044
Blur(45).jpg,Blur,NA,Blur_NA,1472,2044,0.72,389.93,215.848,31.717,-2.985,8.61,3.708,0.065
Blur(46).jpg,Blur,NA,Blur_NA,1472,2058,0.715,341.86,225.583,20.736,-3.145,10.699,3.471,0.055
Blur(47).jpg,Blur,NA,Blur_NA,1488,2056,0.724,327.78,234.527,23.785,-3.805,15.482,3.088,0.05
Blur(48).jpg,Blur,NA,Blur_NA,1504,2095,0.718,414.48,225.581,31.236,-2.94,8.386,3.71,0.068
Blur(49).jpg,Blur,NA,Blur_NA,1520,2098,0.724,434.54,208.236,23.981,-2.753,9.121,3.879,0.07
Blur(5).jpg,Blur,NA,Blur_NA,1472,2044,0.72,353.59,230.396,26.439,-3.399,12.168,3.46,0.055
Blur(50).jpg,Blur,NA,Blur_NA,1488,2070,0.719,335.12,211.651,19.868,-3.547,15.044,3.586,0.049
Blur(6).jpg,Blur,NA,Blur_NA,1472,2044,0.72,401.96,231.314,29.842,-3.09,9.36,3.335,0.066
Blur(7).jpg,Blur,NA,Blur_NA,1488,2058,0.723,372.87,231.422,25.439,-3.243,10.837,3.395,0.06
Blur(8).jpg,Blur,NA,Blur_NA,1504,2084,0.722,375.02,234.107,24.504,-3.395,12.051,3.35,0.057
Blur(9).jpg,Blur,NA,Blur_NA,1488,2072,0.718,348.79,235.493,25.362,-3.734,14.896,3.133,0.058
CopyPaste(1).jpg,Copy Paste,NA,Copy Paste_NA,1504,2070,0.727,571.46,223.636,28.785,-3.025,8.948,3.631,0.068
CopyPaste(10).jpg,Copy Paste,NA,Copy Paste_NA,1504,2084,0.722,516.28,232.177,25.446,-3.642,14.258,3.443,0.059
CopyPaste(11).jpg,Copy Paste,NA,Copy Paste_NA,1472,2044,0.72,441.2,235.359,19.818,-3.549,14.165,3.237,0.055
CopyPaste(12).jpg,Copy Paste,NA,Copy Paste_NA,1488,2070,0.719,465.51,226.669,20.734,-3.403,13.334,3.51,0.058
CopyPaste(13).jpg,Copy Paste,NA,Copy Paste_NA,1504,2070,0.727,597.37,228.862,26.838,-2.994,9.029,3.587,0.072
CopyPaste(14).jpg,Copy Paste,NA,Copy Paste_NA,1472,2044,0.72,463.25,227.255,21.846,-3.728,15.153,3.372,0.055
CopyPaste(15).jpg,Copy Paste,NA,Copy Paste_NA,1504,2095,0.718,373.04,228.746,16.036,-4.03,20.552,3.256,0.039
CopyPaste(16).jpg,Copy Paste,NA,Copy Paste_NA,1504,2095,0.718,381.64,228.719,16.454,-3.777,17.574,3.32,0.046
CopyPaste(17).jpg,Copy Paste,NA,Copy Paste_NA,1472,2045,0.72,579.72,234.199,32.707,-3.049,9.269,3.707,0.064
CopyPaste(18).jpg,Copy Paste,NA,Copy Paste_NA,1472,2030,0.725,631.9,231.215,34.027,-2.677,7.245,3.951,0.072
CopyPaste(19).jpg,Copy Paste,NA,Copy Paste_NA,1408,1952,0.721,409.78,221.773,20.294,-3.654,15.626,3.478,0.051
CopyPaste(2).jpg,Copy Paste,NA,Copy Paste_NA,1488,2058,0.723,440.36,217.927,19.934,-3.838,17.509,3.5,0.033
CopyPaste(20).jpg,Copy Paste,NA,Copy Paste_NA,1456,2006,0.726,493.07,223.038,23.351,-3.165,11.17,3.645,0.061
CopyPaste(21).jpg,Copy Paste,NA,Copy Paste_NA,1488,2070,0.719,613.39,217.179,34.956,-2.679,6.556,3.9,0.07
CopyPaste(22).jpg,Copy Paste,NA,Copy Paste_NA,1472,2032,0.724,611.46,220.095,25.781,-2.41,5.493,3.843,0.079
CopyPaste(23).jpg,Copy Paste,NA,Copy Paste_NA,1440,2006,0.718,421.44,240.435,23.296,-3.256,11.8,3.303,0.053
CopyPaste(24).jpg,Copy Paste,NA,Copy Paste_NA,1472,2058,0.715,572.76,226.718,26.345,-3.046,9.367,3.622,0.067
CopyPaste(25).jpg,Copy Paste,NA,Copy Paste_NA,1472,2044,0.72,600.53,226.532,27.68,-2.82,7.74,3.664,0.073
CopyPaste(26).jpg,Copy Paste,NA,Copy Paste_NA,1488,2056,0.724,546.82,228.632,27.172,-3.164,10.129,3.613,0.063
CopyPaste(27).jpg,Copy Paste,NA,Copy Paste_NA,1504,2084,0.722,579.88,223.846,31.48,-2.883,8.076,3.849,0.07
CopyPaste(28).jpg,Copy Paste,NA,Copy Paste_NA,1536,2122,0.724,601.37,228.161,28.991,-2.887,8.538,3.752,0.066
CopyPaste(29).jpg,Copy Paste,NA,Copy Paste_NA,1536,2136,0.719,518.98,233.402,24.841,-3.158,10.185,3.478,0.057
CopyPaste(3).jpg,Copy Paste,NA,Copy Paste_NA,1504,2070,0.727,517.34,220.215,21.981,-3.559,14.265,3.6,0.04
CopyPaste(30).jpg,Copy Paste,NA,Copy Paste_NA,1472,2044,0.72,470.34,210.444,22.378,-3.458,14.071,3.652,0.053
CopyPaste(31).jpg,Copy Paste,NA,Copy Paste_NA,1456,2018,0.722,412.53,229.286,19.548,-3.737,16.017,3.346,0.046
CopyPaste(32).jpg,Copy Paste,NA,Copy Paste_NA,1408,1966,0.716,480.49,235.73,30.349,-3.232,10.969,3.63,0.045
CopyPaste(33).jpg,Copy Paste,NA,Copy Paste_NA,1504,2082,0.722,571.27,232.706,26.377,-2.965,8.758,3.456,0.071
CopyPaste(34).jpg,Copy Paste,NA,Copy Paste_NA,1472,2044,0.72,533.2,223.878,24.824,-3.128,10.355,3.595,0.065
CopyPaste(35).jpg,Copy Paste,NA,Copy Paste_NA,1520,2095,0.726,579.22,225.307,26.867,-3.021,8.92,3.553,0.065
CopyPaste(36).jpg,Copy Paste,NA,Copy Paste_NA,1472,2058,0.715,482.17,230.686,21.736,-3.843,16.556,3.478,0.055
CopyPaste(37).jpg,Copy Paste,NA,Copy Paste_NA,1312,1810,0.725,408.86,244.676,26.274,-3.409,11.641,2.471,0.067
CopyPaste(38).jpg,Copy Paste,NA,Copy Paste_NA,1456,2018,0.722,627.62,230.17,31.902,-2.63,6.491,3.792,0.077
CopyPaste(39).jpg,Copy Paste,NA,Copy Paste_NA,1424,1980,0.719,472.31,238.631,27.369,-3.559,13.515,3.356,0.06
CopyPaste(4).jpg,Copy Paste,NA,Copy Paste_NA,1472,2044,0.72,469.57,217.571,21.114,-3.772,15.911,3.469,0.041
CopyPaste(40).jpg,Copy Paste,NA,Copy Paste_NA,1456,2018,0.722,484.91,209.926,20.456,-3.143,11.853,3.719,0.057
CopyPaste(41).jpg,Copy Paste,NA,Copy Paste_NA,1488,2056,0.724,455.51,245.761,27.014,-3.995,16.569,2.153,0.054
CopyPaste(42).jpg,Copy Paste,NA,Copy Paste_NA,1472,2045,0.72,397.63,223.674,18.864,-3.589,15.352,3.476,0.042
CopyPaste(43).jpg,Copy Paste,NA,Copy Paste_NA,1456,2018,0.722,519.4,219.372,23.282,-2.908,8.959,3.749,0.063
CopyPaste(44).jpg,Copy Paste,NA,Copy Paste_NA,1456,2018,0.722,405.4,223.108,18.614,-3.5,14.919,3.509,0.045
CopyPaste(45).jpg,Copy Paste,NA,Copy Paste_NA,1472,2044,0.72,553.03,215.771,31.842,-2.982,8.55,3.737,0.065
CopyPaste(46).jpg,Copy Paste,NA,Copy Paste_NA,1472,2058,0.715,469.62,225.533,20.81,-3.15,10.69,3.499,0.055
CopyPaste(47).jpg,Copy Paste,NA,Copy Paste_NA,1488,2056,0.724,452.78,234.463,23.924,-3.798,15.363,3.185,0.05
CopyPaste(48).jpg,Copy Paste,NA,Copy Paste_NA,1504,2095,0.718,571.23,225.512,31.318,-2.937,8.345,3.753,0.069
CopyPaste(49).jpg,Copy Paste,NA,Copy Paste_NA,1520,2098,0.724,603.02,208.158,24.079,-2.756,9.089,3.9,0.069
CopyPaste(5).jpg,Copy Paste,NA,Copy Paste_NA,1472,2044,0.72,492.03,230.314,26.629,-3.395,12.06,3.529,0.055
CopyPaste(50).jpg,Copy Paste,NA,Copy Paste_NA,1488,2070,0.719,439.41,211.587,19.921,-3.559,15.086,3.614,0.048
CopyPaste(6).jpg,Copy Paste,NA,Copy Paste_NA,1472,2044,0.72,564.72,231.257,29.984,-3.083,9.28,3.421,0.067
CopyPaste(7).jpg,Copy Paste,NA,Copy Paste_NA,1488,2058,0.723,518.99,231.329,25.578,-3.234,10.731,3.461,0.06
CopyPaste(8).jpg,Copy Paste,NA,Copy Paste_NA,1504,2084,0.722,512.56,234.032,24.653,-3.387,11.936,3.434,0.057
CopyPaste(9).jpg,Copy Paste,NA,Copy Paste_NA,1488,2072,0.718,484.66,235.46,25.461,-3.735,14.863,3.253,0.058
CPBlur(1).jpg,CopyPaste+Blur,NA,CopyPaste+Blur_NA,1504,2070,0.727,428.37,223.721,28.695,-3.028,8.999,3.582,0.068
CPBlur(10).jpg,CopyPaste+Blur,NA,CopyPaste+Blur_NA,1504,2084,0.722,384.27,232.231,25.383,-3.644,14.294,3.382,0.059
CPBlur(11).jpg,CopyPaste+Blur,NA,CopyPaste+Blur_NA,1472,2044,0.72,334.21,235.369,19.783,-3.535,14.066,3.159,0.055
CPBlur(12).jpg,CopyPaste+Blur,NA,CopyPaste+Blur_NA,1488,2070,0.719,354.01,226.712,20.731,-3.39,13.26,3.473,0.059
CPBlur(13).jpg,CopyPaste+Blur,NA,CopyPaste+Blur_NA,1504,2070,0.727,444.47,228.911,26.768,-2.991,9.039,3.534,0.071
CPBlur(14).jpg,CopyPaste+Blur,NA,CopyPaste+Blur_NA,1472,2044,0.72,352.21,227.321,21.788,-3.729,15.192,3.313,0.055
CPBlur(15).jpg,CopyPaste+Blur,NA,CopyPaste+Blur_NA,1504,2095,0.718,288.68,228.781,16.055,-4.005,20.339,3.209,0.039
CPBlur(16).jpg,CopyPaste+Blur,NA,CopyPaste+Blur_NA,1504,2095,0.718,294.42,228.776,16.423,-3.749,17.368,3.269,0.046
CPBlur(17).jpg,CopyPaste+Blur,NA,CopyPaste+Blur_NA,1472,2045,0.72,423.78,234.162,32.693,-3.037,9.213,3.67,0.063
CPBlur(18).jpg,CopyPaste+Blur,NA,CopyPaste+Blur_NA,1472,2030,0.725,462.24,231.223,33.981,-2.672,7.231,3.913,0.072
CPBlur(19).jpg,CopyPaste+Blur,NA,CopyPaste+Blur_NA,1408,1952,0.721,313.5,221.818,20.304,-3.639,15.524,3.442,0.051
CPBlur(2).jpg,CopyPaste+Blur,NA,CopyPaste+Blur_NA,1488,2058,0.723,334.74,217.97,19.933,-3.817,17.391,3.474,0.034
CPBlur(20).jpg,CopyPaste+Blur,NA,CopyPaste+Blur_NA,1456,2006,0.726,373.46,223.087,23.338,-3.158,11.144,3.623,0.061
CPBlur(21).jpg,CopyPaste+Blur,NA,CopyPaste+Blur_NA,1488,2070,0.719,448.48,217.204,34.889,-2.677,6.568,3.885,0.07
CPBlur(22).jpg,CopyPaste+Blur,NA,CopyPaste+Blur_NA,1472,2032,0.724,458.14,220.127,25.808,-2.405,5.476,3.829,0.08
CPBlur(23).jpg,CopyPaste+Blur,NA,CopyPaste+Blur_NA,1440,2006,0.718,316.92,240.459,23.223,-3.24,11.708,3.233,0.052
CPBlur(24).jpg,CopyPaste+Blur,NA,CopyPaste+Blur_NA,1472,2058,0.715,431.98,226.74,26.347,-3.038,9.327,3.586,0.067
CPBlur(25).jpg,CopyPaste+Blur,NA,CopyPaste+Blur_NA,1472,2044,0.72,458.2,226.56,27.676,-2.815,7.715,3.622,0.073
CPBlur(26).jpg,CopyPaste+Blur,NA,CopyPaste+Blur_NA,1488,2056,0.724,416.74,228.675,27.141,-3.164,10.142,3.571,0.062
CPBlur(27).jpg,CopyPaste+Blur,NA,CopyPaste+Blur_NA,1504,2084,0.722,438.91,223.923,31.397,-2.886,8.117,3.82,0.069
CPBlur(28).jpg,CopyPaste+Blur,NA,CopyPaste+Blur_NA,1536,2122,0.724,455.65,228.176,28.984,-2.883,8.526,3.708,0.065
CPBlur(29).jpg,CopyPaste+Blur,NA,CopyPaste+Blur_NA,1536,2136,0.719,394.89,233.431,24.761,-3.157,10.203,3.406,0.056
CPBlur(3).jpg,CopyPaste+Blur,NA,CopyPaste+Blur_NA,1504,2070,0.727,391.13,220.226,22.027,-3.541,14.147,3.576,0.04
CPBlur(30).jpg,CopyPaste+Blur,NA,CopyPaste+Blur_NA,1472,2044,0.72,359.42,210.476,22.358,-3.44,13.984,3.628,0.053
CPBlur(31).jpg,CopyPaste+Blur,NA,CopyPaste+Blur_NA,1456,2018,0.722,314.53,229.321,19.56,-3.718,15.882,3.307,0.047
CPBlur(32).jpg,CopyPaste+Blur,NA,CopyPaste+Blur_NA,1408,1966,0.716,343.89,235.734,30.308,-3.227,10.954,3.584,0.045
CPBlur(33).jpg,CopyPaste+Blur,NA,CopyPaste+Blur_NA,1504,2082,0.722,428.92,232.72,26.335,-2.963,8.76,3.37,0.07
CPBlur(34).jpg,CopyPaste+Blur,NA,CopyPaste+Blur_NA,1472,2044,0.72,401.0,223.95,24.79,-3.127,10.364,3.569,0.064
CPBlur(35).jpg,CopyPaste+Blur,NA,CopyPaste+Blur_NA,1520,2095,0.726,441.05,225.34,26.814,-3.011,8.879,3.509,0.065
CPBlur(36).jpg,CopyPaste+Blur,NA,CopyPaste+Blur_NA,1472,2058,0.715,363.76,230.701,21.739,-3.827,16.439,3.433,0.055
CPBlur(37).jpg,CopyPaste+Blur,NA,CopyPaste+Blur_NA,1312,1810,0.725,317.06,244.496,26.247,-3.38,11.476,2.506,0.067
CPBlur(38).jpg,CopyPaste+Blur,NA,CopyPaste+Blur_NA,1456,2018,0.722,469.85,230.207,31.848,-2.626,6.492,3.739,0.077
CPBlur(39).jpg,CopyPaste+Blur,NA,CopyPaste+Blur_NA,1424,1980,0.719,349.65,238.692,27.253,-3.555,13.541,3.271,0.06
CPBlur(4).jpg,CopyPaste+Blur,NA,CopyPaste+Blur_NA,1472,2044,0.72,354.41,217.625,21.093,-3.76,15.863,3.431,0.041
CPBlur(40).jpg,CopyPaste+Blur,NA,CopyPaste+Blur_NA,1456,2018,0.722,371.15,209.926,20.536,-3.124,11.709,3.719,0.058
CPBlur(41).jpg,CopyPaste+Blur,NA,CopyPaste+Blur_NA,1488,2056,0.724,345.42,245.633,26.92,-3.98,16.509,2.187,0.054
CPBlur(42).jpg,CopyPaste+Blur,NA,CopyPaste+Blur_NA,1472,2045,0.72,302.47,223.672,18.849,-3.556,15.144,3.439,0.042
CPBlur(43).jpg,CopyPaste+Blur,NA,CopyPaste+Blur_NA,1456,2018,0.722,390.87,219.403,23.313,-2.899,8.91,3.72,0.065
CPBlur(44).jpg,CopyPaste+Blur,NA,CopyPaste+Blur_NA,1456,2018,0.722,308.03,223.129,18.627,-3.463,14.651,3.477,0.045
CPBlur(45).jpg,CopyPaste+Blur,NA,CopyPaste+Blur_NA,1472,2044,0.72,405.8,215.788,31.792,-2.974,8.529,3.71,0.065
CPBlur(46).jpg,CopyPaste+Blur,NA,CopyPaste+Blur_NA,1472,2058,0.715,357.13,225.559,20.811,-3.136,10.614,3.472,0.055
CPBlur(47).jpg,CopyPaste+Blur,NA,CopyPaste+Blur_NA,1488,2056,0.724,339.48,234.507,23.865,-3.798,15.383,3.09,0.05
CPBlur(48).jpg,CopyPaste+Blur,NA,CopyPaste+Blur_NA,1504,2095,0.718,428.1,225.514,31.326,-2.929,8.306,3.71,0.069
CPBlur(49).jpg,CopyPaste+Blur,NA,CopyPaste+Blur_NA,1520,2098,0.724,449.21,208.2,24.027,-2.749,9.082,3.881,0.07
CPBlur(5).jpg,CopyPaste+Blur,NA,CopyPaste+Blur_NA,1472,2044,0.72,369.9,230.388,26.571,-3.395,12.074,3.456,0.055
CPBlur(50).jpg,CopyPaste+Blur,NA,CopyPaste+Blur_NA,1488,2070,0.719,338.95,211.631,19.899,-3.54,14.983,3.589,0.049
CPBlur(6).jpg,CopyPaste+Blur,NA,CopyPaste+Blur_NA,1472,2044,0.72,420.45,231.273,29.965,-3.08,9.268,3.335,0.067
CPBlur(7).jpg,CopyPaste+Blur,NA,CopyPaste+Blur_NA,1488,2058,0.723,386.86,231.406,25.466,-3.24,10.805,3.392,0.06
CPBlur(8).jpg,CopyPaste+Blur,NA,CopyPaste+Blur_NA,1504,2084,0.722,383.5,234.073,24.562,-3.386,11.963,3.353,0.057
CPBlur(9).jpg,CopyPaste+Blur,NA,CopyPaste+Blur_NA,1488,2072,0.718,360.23,235.468,25.435,-3.729,14.829,3.143,0.058
CPInsertion(1).jpg,CopyPaste+Insertion,NA,CopyPaste+Insertion_NA,1504,2070,0.727,435.31,223.675,28.681,-3.04,9.059,3.635,0.068
CPInsertion(10).jpg,CopyPaste+Insertion,NA,CopyPaste+Insertion_NA,1504,2084,0.722,399.44,232.187,25.404,-3.651,14.346,3.438,0.059
CPInsertion(11).jpg,CopyPaste+Insertion,NA,CopyPaste+Insertion_NA,1472,2044,0.72,339.76,235.338,19.838,-3.547,14.136,3.232,0.055
CPInsertion(12).jpg,CopyPaste+Insertion,NA,CopyPaste+Insertion_NA,1488,2070,0.719,360.36,226.65,20.729,-3.406,13.356,3.517,0.058
CPInsertion(13).jpg,CopyPaste+Insertion,NA,CopyPaste+Insertion_NA,1504,2070,0.727,456.36,228.846,26.813,-2.996,9.046,3.588,0.072
CPInsertion(14).jpg,CopyPaste+Insertion,NA,CopyPaste+Insertion_NA,1472,2044,0.72,353.49,227.227,21.828,-3.737,15.226,3.382,0.055
CPInsertion(15).jpg,CopyPaste+Insertion,NA,CopyPaste+Insertion_NA,1504,2095,0.718,290.49,228.709,16.088,-4.033,20.547,3.266,0.039
CPInsertion(16).jpg,CopyPaste+Insertion,NA,CopyPaste+Insertion_NA,1504,2095,0.718,296.28,228.701,16.445,-3.781,17.61,3.329,0.046
CPInsertion(17).jpg,CopyPaste+Insertion,NA,CopyPaste+Insertion_NA,1472,2045,0.72,450.96,234.124,32.743,-3.046,9.242,3.718,0.064
CPInsertion(18).jpg,CopyPaste+Insertion,NA,CopyPaste+Insertion_NA,1472,2030,0.725,492.51,231.165,34.02,-2.679,7.255,3.96,0.072
CPInsertion(19).jpg,CopyPaste+Insertion,NA,CopyPaste+Insertion_NA,1408,1952,0.721,387.26,221.803,20.276,-3.662,15.712,3.473,0.051
CPInsertion(2).jpg,CopyPaste+Insertion,NA,CopyPaste+Insertion_NA,1488,2058,0.723,343.57,217.894,19.972,-3.828,17.419,3.504,0.033
CPInsertion(20).jpg,CopyPaste+Insertion,NA,CopyPaste+Insertion_NA,1456,2006,0.726,385.49,223.024,23.37,-3.172,11.223,3.647,0.061
CPInsertion(21).jpg,CopyPaste+Insertion,NA,CopyPaste+Insertion_NA,1488,2070,0.719,483.83,217.205,34.91,-2.685,6.593,3.902,0.07
CPInsertion(22).jpg,CopyPaste+Insertion,NA,CopyPaste+Insertion_NA,1472,2032,0.724,476.09,220.064,25.813,-2.409,5.488,3.848,0.08
CPInsertion(23).jpg,CopyPaste+Insertion,NA,CopyPaste+Insertion_NA,1440,2006,0.718,325.13,240.407,23.237,-3.264,11.874,3.314,0.053
CPInsertion(24).jpg,CopyPaste+Insertion,NA,CopyPaste+Insertion_NA,1472,2058,0.715,440.8,226.691,26.328,-3.048,9.378,3.624,0.067
CPInsertion(25).jpg,CopyPaste+Insertion,NA,CopyPaste+Insertion_NA,1472,2044,0.72,459.52,226.501,27.674,-2.82,7.741,3.666,0.073
CPInsertion(26).jpg,CopyPaste+Insertion,NA,CopyPaste+Insertion_NA,1488,2056,0.724,422.66,228.624,27.145,-3.17,10.171,3.611,0.063
CPInsertion(27).jpg,CopyPaste+Insertion,NA,CopyPaste+Insertion_NA,1504,2084,0.722,457.9,223.893,31.381,-2.895,8.163,3.85,0.069
CPInsertion(28).jpg,CopyPaste+Insertion,NA,CopyPaste+Insertion_NA,1536,2122,0.724,463.44,228.149,28.986,-2.889,8.554,3.751,0.066
CPInsertion(29).jpg,CopyPaste+Insertion,NA,CopyPaste+Insertion_NA,1536,2136,0.719,399.26,233.402,24.845,-3.166,10.26,3.471,0.056
CPInsertion(3).jpg,CopyPaste+Insertion,NA,CopyPaste+Insertion_NA,1504,2070,0.727,401.89,220.203,22.028,-3.555,14.224,3.599,0.04
CPInsertion(30).jpg,CopyPaste+Insertion,NA,CopyPaste+Insertion_NA,1472,2044,0.72,364.5,210.438,22.363,-3.46,14.098,3.657,0.053
CPInsertion(31).jpg,CopyPaste+Insertion,NA,CopyPaste+Insertion_NA,1456,2018,0.722,319.43,229.25,19.55,-3.742,16.07,3.358,0.046
CPInsertion(32).jpg,CopyPaste+Insertion,NA,CopyPaste+Insertion_NA,1408,1966,0.716,378.4,235.7,30.311,-3.239,11.018,3.641,0.045
CPInsertion(33).jpg,CopyPaste+Insertion,NA,CopyPaste+Insertion_NA,1504,2082,0.722,436.9,232.681,26.392,-2.965,8.759,3.45,0.071
CPInsertion(34).jpg,CopyPaste+Insertion,NA,CopyPaste+Insertion_NA,1472,2044,0.72,413.61,223.893,24.781,-3.135,10.413,3.598,0.064
CPInsertion(35).jpg,CopyPaste+Insertion,NA,CopyPaste+Insertion_NA,1520,2095,0.726,448.45,225.285,26.845,-3.023,8.937,3.564,0.065
CPInsertion(36).jpg,CopyPaste+Insertion,NA,CopyPaste+Insertion_NA,1472,2058,0.715,371.34,230.657,21.733,-3.844,16.566,3.479,0.055
CPInsertion(37).jpg,CopyPaste+Insertion,NA,CopyPaste+Insertion_NA,1312,1810,0.725,327.42,244.553,26.334,-3.408,11.651,2.533,0.068
CPInsertion(38).jpg,CopyPaste+Insertion,NA,CopyPaste+Insertion_NA,1456,2018,0.722,485.26,230.131,31.925,-2.627,6.475,3.79,0.077
CPInsertion(39).jpg,CopyPaste+Insertion,NA,CopyPaste+Insertion_NA,1424,1980,0.719,365.38,238.575,27.355,-3.563,13.543,3.376,0.06
CPInsertion(4).jpg,CopyPaste+Insertion,NA,CopyPaste+Insertion_NA,1472,2044,0.72,361.39,217.567,21.101,-3.776,15.954,3.468,0.041
CPInsertion(40).jpg,CopyPaste+Insertion,NA,CopyPaste+Insertion_NA,1456,2018,0.722,384.05,209.903,20.504,-3.142,11.838,3.722,0.057
CPInsertion(41).jpg,CopyPaste+Insertion,NA,CopyPaste+Insertion_NA,1488,2056,0.724,365.2,245.66,27.075,-3.989,16.504,2.217,0.054
CPInsertion(42).jpg,CopyPaste+Insertion,NA,CopyPaste+Insertion_NA,1472,2045,0.72,308.89,223.66,18.903,-3.589,15.342,3.476,0.042
CPInsertion(43).jpg,CopyPaste+Insertion,NA,CopyPaste+Insertion_NA,1456,2018,0.722,399.79,219.368,23.286,-2.909,8.968,3.748,0.063
CPInsertion(44).jpg,CopyPaste+Insertion,NA,CopyPaste+Insertion_NA,1456,2018,0.722,315.07,223.098,18.655,-3.502,14.928,3.509,0.045
CPInsertion(45).jpg,CopyPaste+Insertion,NA,CopyPaste+Insertion_NA,1472,2044,0.72,436.06,215.776,31.852,-2.982,8.555,3.735,0.065
CPInsertion(46).jpg,CopyPaste+Insertion,NA,CopyPaste+Insertion_NA,1472,2058,0.715,367.56,225.5,20.851,-3.154,10.716,3.507,0.055
CPInsertion(47).jpg,CopyPaste+Insertion,NA,CopyPaste+Insertion_NA,1488,2056,0.724,346.09,234.443,23.935,-3.795,15.335,3.18,0.05
CPInsertion(48).jpg,CopyPaste+Insertion,NA,CopyPaste+Insertion_NA,1504,2095,0.718,444.53,225.492,31.291,-2.941,8.371,3.754,0.069
CPInsertion(49).jpg,CopyPaste+Insertion,NA,CopyPaste+Insertion_NA,1520,2098,0.724,463.25,208.176,24.035,-2.761,9.134,3.898,0.069
CPInsertion(5).jpg,CopyPaste+Insertion,NA,CopyPaste+Insertion_NA,1472,2044,0.72,376.6,230.305,26.626,-3.397,12.08,3.527,0.055
CPInsertion(50).jpg,CopyPaste+Insertion,NA,CopyPaste+Insertion_NA,1488,2070,0.719,348.37,211.563,19.959,-3.557,15.056,3.62,0.048
CPInsertion(6).jpg,CopyPaste+Insertion,NA,CopyPaste+Insertion_NA,1472,2044,0.72,430.54,231.253,29.972,-3.087,9.307,3.414,0.067
CPInsertion(7).jpg,CopyPaste+Insertion,NA,CopyPaste+Insertion_NA,1488,2058,0.723,398.2,231.32,25.568,-3.234,10.735,3.458,0.06
CPInsertion(8).jpg,CopyPaste+Insertion,NA,CopyPaste+Insertion_NA,1504,2084,0.722,390.54,234.052,24.604,-3.395,12.009,3.427,0.057
CPInsertion(9).jpg,CopyPaste+Insertion,NA,CopyPaste+Insertion_NA,1488,2072,0.718,371.35,235.432,25.492,-3.735,14.857,3.246,0.058
CPNoise(1).jpg,CopyPaste+Noise,NA,CopyPaste+Noise_NA,1504,2070,0.727,431.36,223.714,28.757,-3.027,8.981,3.584,0.068
CPNoise(10).jpg,CopyPaste+Noise,NA,CopyPaste+Noise_NA,1504,2084,0.722,393.13,232.208,25.429,-3.639,14.252,3.385,0.059
CPNoise(11).jpg,CopyPaste+Noise,NA,CopyPaste+Noise_NA,1472,2044,0.72,337.91,235.357,19.868,-3.538,14.075,3.163,0.055
CPNoise(12).jpg,CopyPaste+Noise,NA,CopyPaste+Noise_NA,1488,2070,0.719,357.79,226.7,20.821,-3.388,13.236,3.475,0.059
CPNoise(13).jpg,CopyPaste+Noise,NA,CopyPaste+Noise_NA,1504,2070,0.727,447.84,228.902,26.853,-2.988,9.005,3.535,0.072
CPNoise(14).jpg,CopyPaste+Noise,NA,CopyPaste+Noise_NA,1472,2044,0.72,359.47,227.258,21.938,-3.704,14.995,3.328,0.056
CPNoise(15).jpg,CopyPaste+Noise,NA,CopyPaste+Noise_NA,1504,2095,0.718,291.55,228.794,16.116,-4.006,20.344,3.212,0.04
CPNoise(16).jpg,CopyPaste+Noise,NA,CopyPaste+Noise_NA,1504,2095,0.718,301.8,228.766,16.569,-3.75,17.407,3.279,0.048
CPNoise(17).jpg,CopyPaste+Noise,NA,CopyPaste+Noise_NA,1472,2045,0.72,426.51,234.166,32.757,-3.04,9.216,3.669,0.064
CPNoise(18).jpg,CopyPaste+Noise,NA,CopyPaste+Noise_NA,1472,2030,0.725,465.23,231.201,34.06,-2.67,7.21,3.913,0.073
CPNoise(19).jpg,CopyPaste+Noise,NA,CopyPaste+Noise_NA,1408,1952,0.721,318.49,221.79,20.436,-3.625,15.425,3.451,0.052
CPNoise(2).jpg,CopyPaste+Noise,NA,CopyPaste+Noise_NA,1488,2058,0.723,338.65,217.957,20.041,-3.806,17.253,3.476,0.035
CPNoise(20).jpg,CopyPaste+Noise,NA,CopyPaste+Noise_NA,1456,2006,0.726,377.7,223.079,23.406,-3.154,11.122,3.628,0.062
CPNoise(21).jpg,CopyPaste+Noise,NA,CopyPaste+Noise_NA,1488,2070,0.719,453.12,217.211,34.99,-2.675,6.549,3.887,0.071
CPNoise(22).jpg,CopyPaste+Noise,NA,CopyPaste+Noise_NA,1472,2032,0.724,460.83,220.124,25.849,-2.402,5.459,3.832,0.08
CPNoise(23).jpg,CopyPaste+Noise,NA,CopyPaste+Noise_NA,1440,2006,0.718,319.33,240.468,23.281,-3.249,11.771,3.231,0.053
CPNoise(24).jpg,CopyPaste+Noise,NA,CopyPaste+Noise_NA,1472,2058,0.715,434.44,226.727,26.409,-3.036,9.309,3.587,0.068
CPNoise(25).jpg,CopyPaste+Noise,NA,CopyPaste+Noise_NA,1472,2044,0.72,454.46,226.563,27.709,-2.814,7.711,3.624,0.074
CPNoise(26).jpg,CopyPaste+Noise,NA,CopyPaste+Noise_NA,1488,2056,0.724,418.0,228.691,27.141,-3.166,10.156,3.571,0.063
CPNoise(27).jpg,CopyPaste+Noise,NA,CopyPaste+Noise_NA,1504,2084,0.722,442.34,223.918,31.447,-2.884,8.108,3.822,0.07
CPNoise(28).jpg,CopyPaste+Noise,NA,CopyPaste+Noise_NA,1536,2122,0.724,458.62,228.172,29.034,-2.881,8.5,3.709,0.066
CPNoise(29).jpg,CopyPaste+Noise,NA,CopyPaste+Noise_NA,1536,2136,0.719,400.94,233.408,24.856,-3.156,10.191,3.41,0.057
CPNoise(3).jpg,CopyPaste+Noise,NA,CopyPaste+Noise_NA,1504,2070,0.727,395.59,220.228,22.09,-3.531,14.083,3.581,0.041
CPNoise(30).jpg,CopyPaste+Noise,NA,CopyPaste+Noise_NA,1472,2044,0.72,358.52,210.459,22.507,-3.429,13.871,3.634,0.055
CPNoise(31).jpg,CopyPaste+Noise,NA,CopyPaste+Noise_NA,1456,2018,0.722,317.29,229.313,19.627,-3.717,15.856,3.309,0.048
CPNoise(32).jpg,CopyPaste+Noise,NA,CopyPaste+Noise_NA,1408,1966,0.716,345.92,235.718,30.364,-3.225,10.934,3.585,0.045
CPNoise(33).jpg,CopyPaste+Noise,NA,CopyPaste+Noise_NA,1504,2082,0.722,431.58,232.707,26.38,-2.96,8.737,3.373,0.071
CPNoise(34).jpg,CopyPaste+Noise,NA,CopyPaste+Noise_NA,1472,2044,0.72,392.62,223.945,24.82,-3.123,10.351,3.572,0.065
CPNoise(35).jpg,CopyPaste+Noise,NA,CopyPaste+Noise_NA,1520,2095,0.726,444.86,225.345,26.87,-3.008,8.86,3.511,0.066
CPNoise(36).jpg,CopyPaste+Noise,NA,CopyPaste+Noise_NA,1472,2058,0.715,366.28,230.698,21.807,-3.827,16.425,3.434,0.056
CPNoise(37).jpg,CopyPaste+Noise,NA,CopyPaste+Noise_NA,1312,1810,0.725,320.08,244.467,26.303,-3.376,11.447,2.509,0.068
CPNoise(38).jpg,CopyPaste+Noise,NA,CopyPaste+Noise_NA,1456,2018,0.722,471.9,230.172,31.911,-2.623,6.47,3.741,0.077
CPNoise(39).jpg,CopyPaste+Noise,NA,CopyPaste+Noise_NA,1424,1980,0.719,355.74,238.608,27.401,-3.545,13.447,3.281,0.061
CPNoise(4).jpg,CopyPaste+Noise,NA,CopyPaste+Noise_NA,1472,2044,0.72,355.81,217.637,21.134,-3.759,15.846,3.431,0.042
CPNoise(40).jpg,CopyPaste+Noise,NA,CopyPaste+Noise_NA,1456,2018,0.722,372.29,209.945,20.549,-3.127,11.76,3.72,0.058
CPNoise(41).jpg,CopyPaste+Noise,NA,CopyPaste+Noise_NA,1488,2056,0.724,347.5,245.62,26.987,-3.979,16.483,2.188,0.054
CPNoise(42).jpg,CopyPaste+Noise,NA,CopyPaste+Noise_NA,1472,2045,0.72,304.42,223.72,18.929,-3.574,15.253,3.436,0.043
CPNoise(43).jpg,CopyPaste+Noise,NA,CopyPaste+Noise_NA,1456,2018,0.722,395.59,219.389,23.379,-2.89,8.867,3.726,0.066
CPNoise(44).jpg,CopyPaste+Noise,NA,CopyPaste+Noise_NA,1456,2018,0.722,310.64,223.13,18.719,-3.478,14.747,3.478,0.046
CPNoise(45).jpg,CopyPaste+Noise,NA,CopyPaste+Noise_NA,1472,2044,0.72,411.4,215.762,31.967,-2.966,8.464,3.714,0.066
CPNoise(46).jpg,CopyPaste+Noise,NA,CopyPaste+Noise_NA,1472,2058,0.715,360.04,225.557,20.898,-3.139,10.619,3.473,0.056
CPNoise(47).jpg,CopyPaste+Noise,NA,CopyPaste+Noise_NA,1488,2056,0.724,341.81,234.496,23.918,-3.795,15.352,3.092,0.05
CPNoise(48).jpg,CopyPaste+Noise,NA,CopyPaste+Noise_NA,1504,2095,0.718,430.58,225.518,31.356,-2.932,8.318,3.711,0.069
CPNoise(49).jpg,CopyPaste+Noise,NA,CopyPaste+Noise_NA,1520,2098,0.724,457.2,208.189,24.165,-2.735,8.994,3.888,0.072
CPNoise(5).jpg,CopyPaste+Noise,NA,CopyPaste+Noise_NA,1472,2044,0.72,373.91,230.325,26.696,-3.385,11.991,3.463,0.056
CPNoise(50).jpg,CopyPaste+Noise,NA,CopyPaste+Noise_NA,1488,2070,0.719,343.99,211.632,20.021,-3.531,14.919,3.592,0.05
CPNoise(6).jpg,CopyPaste+Noise,NA,CopyPaste+Noise_NA,1472,2044,0.72,422.24,231.267,29.983,-3.079,9.263,3.338,0.067
CPNoise(7).jpg,CopyPaste+Noise,NA,CopyPaste+Noise_NA,1488,2058,0.723,398.51,231.388,25.557,-3.234,10.756,3.398,0.061
CPNoise(8).jpg,CopyPaste+Noise,NA,CopyPaste+Noise_NA,1504,2084,0.722,392.87,234.061,24.66,-3.383,11.922,3.353,0.058
CPNoise(9).jpg,CopyPaste+Noise,NA,CopyPaste+Noise_NA,1488,2072,0.718,369.94,235.424,25.533,-3.72,14.74,3.146,0.059
Insertion(1).jpg,Insertion,NA,Insertion_NA,1504,2070,0.727,453.07,223.63,28.775,-3.036,9.029,3.631,0.068
Insertion(10).jpg,Insertion,NA,Insertion_NA,1504,2084,0.722,412.95,232.152,25.512,-3.639,14.219,3.44,0.059
Insertion(11).jpg,Insertion,NA,Insertion_NA,1472,2044,0.72,351.31,235.316,19.912,-3.536,14.016,3.234,0.055
Insertion(12).jpg,Insertion,NA,Insertion_NA,1488,2070,0.719,373.01,226.652,20.73,-3.409,13.389,3.511,0.058
Insertion(13).jpg,Insertion,NA,Insertion_NA,1504,2070,0.727,474.04,228.845,26.852,-2.993,9.025,3.585,0.072
Insertion(14).jpg,Insertion,NA,Insertion_NA,1472,2044,0.72,366.13,227.241,21.805,-3.737,15.235,3.373,0.055
Insertion(15).jpg,Insertion,NA,Insertion_NA,1504,2095,0.718,298.97,228.71,16.099,-4.046,20.682,3.258,0.039
Insertion(16).jpg,Insertion,NA,Insertion_NA,1504,2095,0.718,307.26,228.669,16.539,-3.783,17.569,3.325,0.046
Insertion(17).jpg,Insertion,NA,Insertion_NA,1472,2045,0.72,461.13,234.117,32.761,-3.041,9.208,3.716,0.064
Insertion(18).jpg,Insertion,NA,Insertion_NA,1472,2030,0.725,504.57,231.162,34.051,-2.677,7.234,3.959,0.072
Insertion(19).jpg,Insertion,NA,Insertion_NA,1408,1952,0.721,331.48,221.736,20.441,-3.648,15.5,3.475,0.052
Insertion(2).jpg,Insertion,NA,Insertion_NA,1488,2058,0.723,355.24,217.91,19.955,-3.832,17.456,3.497,0.033
Insertion(20).jpg,Insertion,NA,Insertion_NA,1456,2006,0.726,396.69,223.027,23.378,-3.169,11.191,3.644,0.061
Insertion(21).jpg,Insertion,NA,Insertion_NA,1488,2070,0.719,497.2,217.146,34.996,-2.676,6.536,3.902,0.07
Insertion(22).jpg,Insertion,NA,Insertion_NA,1472,2032,0.724,491.68,220.088,25.791,-2.411,5.499,3.844,0.079
Insertion(23).jpg,Insertion,NA,Insertion_NA,1440,2006,0.718,332.97,240.393,23.283,-3.257,11.799,3.312,0.053
Insertion(24).jpg,Insertion,NA,Insertion_NA,1472,2058,0.715,457.85,226.675,26.372,-3.042,9.338,3.62,0.067
Insertion(25).jpg,Insertion,NA,Insertion_NA,1472,2044,0.72,478.74,226.497,27.704,-2.818,7.723,3.661,0.074
Insertion(26).jpg,Insertion,NA,Insertion_NA,1488,2056,0.724,435.36,228.648,27.139,-3.172,10.191,3.609,0.063
Insertion(27).jpg,Insertion,NA,Insertion_NA,1504,2084,0.722,473.01,223.857,31.473,-2.889,8.123,3.847,0.07
Insertion(28).jpg,Insertion,NA,Insertion_NA,1536,2122,0.724,479.74,228.143,29.009,-2.886,8.53,3.748,0.066
Insertion(29).jpg,Insertion,NA,Insertion_NA,1536,2136,0.719,412.38,233.396,24.872,-3.161,10.206,3.469,0.057
Insertion(3).jpg,Insertion,NA,Insertion_NA,1504,2070,0.727,417.1,220.197,22.051,-3.553,14.197,3.597,0.04
Insertion(30).jpg,Insertion,NA,Insertion_NA,1472,2044,0.72,379.17,210.394,22.466,-3.452,13.98,3.654,0.053
Insertion(31).jpg,Insertion,NA,Insertion_NA,1456,2018,0.722,331.06,229.234,19.584,-3.731,15.942,3.352,0.046
Insertion(32).jpg,Insertion,NA,Insertion_NA,1408,1966,0.716,381.27,235.667,30.377,-3.233,10.96,3.642,0.045
Insertion(33).jpg,Insertion,NA,Insertion_NA,1504,2082,0.722,452.43,232.668,26.436,-2.958,8.706,3.452,0.071
Insertion(34).jpg,Insertion,NA,Insertion_NA,1472,2044,0.72,426.92,223.875,24.817,-3.131,10.373,3.595,0.065
Insertion(35).jpg,Insertion,NA,Insertion_NA,1520,2095,0.726,468.06,225.259,26.915,-3.021,8.918,3.559,0.065
Insertion(36).jpg,Insertion,NA,Insertion_NA,1472,2058,0.715,385.98,230.595,21.916,-3.833,16.424,3.479,0.055
Insertion(37).jpg,Insertion,NA,Insertion_NA,1312,1810,0.725,330.0,244.6,26.38,-3.405,11.617,2.497,0.068
Insertion(38).jpg,Insertion,NA,Insertion_NA,1456,2018,0.722,503.1,230.141,31.941,-2.628,6.48,3.789,0.077
Insertion(39).jpg,Insertion,NA,Insertion_NA,1424,1980,0.719,374.41,238.559,27.399,-3.56,13.503,3.375,0.06
Insertion(4).jpg,Insertion,NA,Insertion_NA,1472,2044,0.72,375.49,217.577,21.077,-3.773,15.934,3.462,0.041
Insertion(40).jpg,Insertion,NA,Insertion_NA,1456,2018,0.722,396.96,209.876,20.549,-3.134,11.743,3.721,0.057
Insertion(41).jpg,Insertion,NA,Insertion_NA,1488,2056,0.724,366.41,245.695,27.094,-3.983,16.447,2.177,0.054
Insertion(42).jpg,Insertion,NA,Insertion_NA,1472,2045,0.72,318.28,223.643,18.966,-3.596,15.38,3.472,0.042
Insertion(43).jpg,Insertion,NA,Insertion_NA,1456,2018,0.722,413.5,219.365,23.306,-2.911,8.983,3.746,0.063
Insertion(44).jpg,Insertion,NA,Insertion_NA,1456,2018,0.722,324.78,223.054,18.787,-3.511,14.975,3.507,0.045
Insertion(45).jpg,Insertion,NA,Insertion_NA,1472,2044,0.72,445.79,215.758,31.917,-2.982,8.554,3.732,0.065
Insertion(46).jpg,Insertion,NA,Insertion_NA,1472,2058,0.715,380.13,225.456,20.949,-3.151,10.678,3.505,0.055
Insertion(47).jpg,Insertion,NA,Insertion_NA,1488,2056,0.724,355.58,234.469,23.927,-3.802,15.401,3.177,0.05
Insertion(48).jpg,Insertion,NA,Insertion_NA,1504,2095,0.718,458.92,225.473,31.356,-2.939,8.355,3.75,0.069
Insertion(49).jpg,Insertion,NA,Insertion_NA,1520,2098,0.724,482.0,208.193,24.023,-2.764,9.156,3.894,0.069
Insertion(5).jpg,Insertion,NA,Insertion_NA,1472,2044,0.72,389.38,230.307,26.648,-3.396,12.078,3.525,0.055
Insertion(50).jpg,Insertion,NA,Insertion_NA,1488,2070,0.719,360.57,211.564,19.957,-3.557,15.044,3.616,0.048
Insertion(6).jpg,Insertion,NA,Insertion_NA,1472,2044,0.72,446.59,231.236,30.026,-3.079,9.251,3.416,0.067
Insertion(7).jpg,Insertion,NA,Insertion_NA,1488,2058,0.723,413.0,231.282,25.671,-3.225,10.649,3.458,0.061
Insertion(8).jpg,Insertion,NA,Insertion_NA,1504,2084,0.722,403.94,234.053,24.627,-3.393,11.986,3.426,0.057
Insertion(9).jpg,Insertion,NA,Insertion_NA,1488,2072,0.718,382.92,235.405,25.605,-3.731,14.814,3.249,0.058
InsBlur(1).jpg,Insertion+Blur,NA,Insertion+Blur_NA,1504,2070,0.727,425.54,223.653,28.681,-3.042,9.083,3.638,0.068
InsBlur(10).jpg,Insertion+Blur,NA,Insertion+Blur_NA,1504,2084,0.722,377.95,232.222,25.38,-3.647,14.344,3.396,0.059
InsBlur(11).jpg,Insertion+Blur,NA,Insertion+Blur_NA,1472,2044,0.72,329.67,235.387,19.818,-3.547,14.189,3.169,0.054
InsBlur(12).jpg,Insertion+Blur,NA,Insertion+Blur_NA,1488,2070,0.719,352.67,226.662,20.728,-3.409,13.404,3.514,0.058
InsBlur(13).jpg,Insertion+Blur,NA,Insertion+Blur_NA,1504,2070,0.727,438.21,228.856,26.829,-2.995,9.062,3.553,0.071
InsBlur(14).jpg,Insertion+Blur,NA,Insertion+Blur_NA,1472,2044,0.72,356.82,227.232,21.77,-3.746,15.332,3.379,0.055
InsBlur(15).jpg,Insertion+Blur,NA,Insertion+Blur_NA,1504,2095,0.718,289.38,228.749,16.063,-4.035,20.565,3.244,0.039
InsBlur(16).jpg,Insertion+Blur,NA,Insertion+Blur_NA,1504,2095,0.718,294.49,228.722,16.42,-3.786,17.685,3.319,0.046
InsBlur(17).jpg,Insertion+Blur,NA,Insertion+Blur_NA,1472,2045,0.72,424.21,234.108,32.701,-3.053,9.306,3.713,0.064
InsBlur(18).jpg,Insertion+Blur,NA,Insertion+Blur_NA,1472,2030,0.725,462.83,231.129,33.986,-2.684,7.294,3.968,0.072
InsBlur(19).jpg,Insertion+Blur,NA,Insertion+Blur_NA,1408,1952,0.721,311.89,221.892,20.296,-3.655,15.674,3.447,0.051
InsBlur(2).jpg,Insertion+Blur,NA,Insertion+Blur_NA,1488,2058,0.723,334.2,217.965,19.983,-3.829,17.478,3.49,0.033
InsBlur(20).jpg,Insertion+Blur,NA,Insertion+Blur_NA,1456,2006,0.726,371.65,223.085,23.351,-3.173,11.254,3.634,0.061
InsBlur(21).jpg,Insertion+Blur,NA,Insertion+Blur_NA,1488,2070,0.719,447.77,217.253,34.906,-2.688,6.622,3.896,0.07
InsBlur(22).jpg,Insertion+Blur,NA,Insertion+Blur_NA,1472,2032,0.724,456.32,220.128,25.799,-2.416,5.543,3.842,0.079
InsBlur(23).jpg,Insertion+Blur,NA,Insertion+Blur_NA,1440,2006,0.718,321.04,240.339,23.204,-3.261,11.865,3.335,0.052
InsBlur(24).jpg,Insertion+Blur,NA,Insertion+Blur_NA,1472,2058,0.715,428.01,226.677,26.353,-3.049,9.407,3.618,0.067
InsBlur(25).jpg,Insertion+Blur,NA,Insertion+Blur_NA,1472,2044,0.72,447.23,226.488,27.703,-2.821,7.758,3.645,0.073
InsBlur(26).jpg,Insertion+Blur,NA,Insertion+Blur_NA,1488,2056,0.724,411.85,228.651,27.112,-3.173,10.219,3.589,0.062
InsBlur(27).jpg,Insertion+Blur,NA,Insertion+Blur_NA,1504,2084,0.722,433.81,223.896,31.345,-2.896,8.189,3.846,0.069
InsBlur(28).jpg,Insertion+Blur,NA,Insertion+Blur_NA,1536,2122,0.724,452.23,228.159,29.01,-2.889,8.564,3.724,0.065
InsBlur(29).jpg,Insertion+Blur,NA,Insertion+Blur_NA,1536,2136,0.719,391.21,233.461,24.798,-3.166,10.267,3.415,0.056
InsBlur(3).jpg,Insertion+Blur,NA,Insertion+Blur_NA,1504,2070,0.727,387.44,220.301,22.034,-3.554,14.241,3.581,0.04
InsBlur(30).jpg,Insertion+Blur,NA,Insertion+Blur_NA,1472,2044,0.72,352.52,210.467,22.387,-3.458,14.091,3.648,0.053
InsBlur(31).jpg,Insertion+Blur,NA,Insertion+Blur_NA,1456,2018,0.722,315.61,229.225,19.575,-3.734,16.022,3.374,0.046
InsBlur(32).jpg,Insertion+Blur,NA,Insertion+Blur_NA,1408,1966,0.716,347.93,235.597,30.346,-3.239,11.025,3.657,0.045
InsBlur(33).jpg,Insertion+Blur,NA,Insertion+Blur_NA,1504,2082,0.722,423.36,232.704,26.396,-2.964,8.775,3.381,0.07
InsBlur(34).jpg,Insertion+Blur,NA,Insertion+Blur_NA,1472,2044,0.72,399.61,223.932,24.767,-3.142,10.48,3.59,0.064
InsBlur(35).jpg,Insertion+Blur,NA,Insertion+Blur_NA,1520,2095,0.726,440.87,225.267,26.812,-3.021,8.942,3.577,0.065
InsBlur(36).jpg,Insertion+Blur,NA,Insertion+Blur_NA,1472,2058,0.715,360.56,230.655,21.784,-3.844,16.596,3.454,0.055
InsBlur(37).jpg,Insertion+Blur,NA,Insertion+Blur_NA,1312,1810,0.725,314.1,244.471,26.225,-3.388,11.549,2.547,0.067
InsBlur(38).jpg,Insertion+Blur,NA,Insertion+Blur_NA,1456,2018,0.722,467.93,230.206,31.903,-2.631,6.518,3.75,0.077
InsBlur(39).jpg,Insertion+Blur,NA,Insertion+Blur_NA,1424,1980,0.719,355.57,238.528,27.277,-3.57,13.624,3.397,0.06
InsBlur(4).jpg,Insertion+Blur,NA,Insertion+Blur_NA,1472,2044,0.72,351.53,217.654,21.092,-3.77,15.953,3.443,0.041
InsBlur(40).jpg,Insertion+Blur,NA,Insertion+Blur_NA,1456,2018,0.722,367.25,209.954,20.524,-3.147,11.906,3.721,0.057
InsBlur(41).jpg,Insertion+Blur,NA,Insertion+Blur_NA,1488,2056,0.724,343.66,245.616,26.95,-3.989,16.581,2.217,0.054
InsBlur(42).jpg,Insertion+Blur,NA,Insertion+Blur_NA,1472,2045,0.72,306.95,223.728,18.915,-3.594,15.406,3.445,0.042
InsBlur(43).jpg,Insertion+Blur,NA,Insertion+Blur_NA,1456,2018,0.722,392.71,219.421,23.338,-2.908,8.961,3.728,0.064
InsBlur(44).jpg,Insertion+Blur,NA,Insertion+Blur_NA,1456,2018,0.722,306.11,223.174,18.659,-3.498,14.924,3.481,0.045
InsBlur(45).jpg,Insertion+Blur,NA,Insertion+Blur_NA,1472,2044,0.72,404.53,215.852,31.899,-2.981,8.558,3.715,0.065
InsBlur(46).jpg,Insertion+Blur,NA,Insertion+Blur_NA,1472,2058,0.715,358.53,225.507,20.857,-3.158,10.782,3.504,0.055
InsBlur(47).jpg,Insertion+Blur,NA,Insertion+Blur_NA,1488,2056,0.724,336.69,234.506,23.932,-3.799,15.397,3.101,0.05
InsBlur(48).jpg,Insertion+Blur,NA,Insertion+Blur_NA,1504,2095,0.718,423.3,225.494,31.284,-2.941,8.386,3.736,0.068
InsBlur(49).jpg,Insertion+Blur,NA,Insertion+Blur_NA,1520,2098,0.724,443.51,208.255,24.033,-2.765,9.171,3.885,0.069
InsBlur(5).jpg,Insertion+Blur,NA,Insertion+Blur_NA,1472,2044,0.72,367.38,230.346,26.615,-3.396,12.1,3.479,0.055
InsBlur(50).jpg,Insertion+Blur,NA,Insertion+Blur_NA,1488,2070,0.719,338.23,211.621,19.929,-3.562,15.117,3.61,0.048
InsBlur(6).jpg,Insertion+Blur,NA,Insertion+Blur_NA,1472,2044,0.72,414.28,231.291,29.966,-3.083,9.3,3.344,0.066
InsBlur(7).jpg,Insertion+Blur,NA,Insertion+Blur_NA,1488,2058,0.723,383.92,231.383,25.551,-3.241,10.815,3.409,0.06
InsBlur(8).jpg,Insertion+Blur,NA,Insertion+Blur_NA,1504,2084,0.722,378.31,234.093,24.631,-3.397,12.042,3.359,0.057
InsBlur(9).jpg,Insertion+Blur,NA,Insertion+Blur_NA,1488,2072,0.718,354.88,235.462,25.527,-3.731,14.836,3.15,0.058
InsNoise(1).jpg,Insertion+Noise,NA,Insertion+Noise_NA,1504,2070,0.727,426.62,223.653,28.71,-3.042,9.073,3.638,0.068
InsNoise(10).jpg,Insertion+Noise,NA,Insertion+Noise_NA,1504,2084,0.722,378.96,232.224,25.41,-3.648,14.338,3.396,0.059
InsNoise(11).jpg,Insertion+Noise,NA,Insertion+Noise_NA,1472,2044,0.72,331.22,235.38,19.88,-3.544,14.122,3.169,0.055
InsNoise(12).jpg,Insertion+Noise,NA,Insertion+Noise_NA,1488,2070,0.719,353.68,226.665,20.762,-3.413,13.427,3.514,0.058
InsNoise(13).jpg,Insertion+Noise,NA,Insertion+Noise_NA,1504,2070,0.727,439.28,228.863,26.851,-2.996,9.058,3.552,0.072
InsNoise(14).jpg,Insertion+Noise,NA,Insertion+Noise_NA,1472,2044,0.72,352.94,227.231,21.808,-3.743,15.307,3.383,0.055
InsNoise(15).jpg,Insertion+Noise,NA,Insertion+Noise_NA,1504,2095,0.718,291.62,228.741,16.125,-4.053,20.775,3.247,0.039
InsNoise(16).jpg,Insertion+Noise,NA,Insertion+Noise_NA,1504,2095,0.718,297.67,228.726,16.465,-3.79,17.719,3.323,0.046
InsNoise(17).jpg,Insertion+Noise,NA,Insertion+Noise_NA,1472,2045,0.72,425.9,234.092,32.739,-3.051,9.281,3.713,0.064
InsNoise(18).jpg,Insertion+Noise,NA,Insertion+Noise_NA,1472,2030,0.725,464.99,231.119,34.022,-2.683,7.287,3.968,0.073
InsNoise(19).jpg,Insertion+Noise,NA,Insertion+Noise_NA,1408,1952,0.721,312.45,221.902,20.302,-3.659,15.714,3.448,0.051
InsNoise(2).jpg,Insertion+Noise,NA,Insertion+Noise_NA,1488,2058,0.723,335.21,217.962,20.017,-3.83,17.48,3.491,0.034
InsNoise(20).jpg,Insertion+Noise,NA,Insertion+Noise_NA,1456,2006,0.726,375.48,223.063,23.43,-3.168,11.2,3.639,0.062
InsNoise(21).jpg,Insertion+Noise,NA,Insertion+Noise_NA,1488,2070,0.719,450.13,217.217,34.995,-2.683,6.587,3.898,0.07
InsNoise(22).jpg,Insertion+Noise,NA,Insertion+Noise_NA,1472,2032,0.724,459.32,220.108,25.874,-2.414,5.526,3.844,0.08
InsNoise(23).jpg,Insertion+Noise,NA,Insertion+Noise_NA,1440,2006,0.718,321.59,240.347,23.233,-3.268,11.913,3.333,0.053
InsNoise(24).jpg,Insertion+Noise,NA,Insertion+Noise_NA,1472,2058,0.715,429.27,226.667,26.372,-3.046,9.382,3.619,0.067
InsNoise(25).jpg,Insertion+Noise,NA,Insertion+Noise_NA,1472,2044,0.72,450.33,226.481,27.748,-2.819,7.739,3.647,0.074
InsNoise(26).jpg,Insertion+Noise,NA,Insertion+Noise_NA,1488,2056,0.724,413.25,228.645,27.135,-3.17,10.19,3.59,0.063
InsNoise(27).jpg,Insertion+Noise,NA,Insertion+Noise_NA,1504,2084,0.722,435.39,223.879,31.404,-2.894,8.164,3.847,0.069
InsNoise(28).jpg,Insertion+Noise,NA,Insertion+Noise_NA,1536,2122,0.724,452.81,228.168,29.016,-2.89,8.568,3.723,0.066
InsNoise(29).jpg,Insertion+Noise,NA,Insertion+Noise_NA,1536,2136,0.719,393.97,233.445,24.854,-3.167,10.274,3.417,0.056
InsNoise(3).jpg,Insertion+Noise,NA,Insertion+Noise_NA,1504,2070,0.727,388.48,220.29,22.079,-3.55,14.199,3.581,0.04
InsNoise(30).jpg,Insertion+Noise,NA,Insertion+Noise_NA,1472,2044,0.72,354.02,210.469,22.427,-3.459,14.095,3.649,0.054
InsNoise(31).jpg,Insertion+Noise,NA,Insertion+Noise_NA,1456,2018,0.722,317.27,229.219,19.628,-3.736,16.01,3.375,0.046
InsNoise(32).jpg,Insertion+Noise,NA,Insertion+Noise_NA,1408,1966,0.716,348.9,235.617,30.332,-3.241,11.031,3.656,0.045
InsNoise(33).jpg,Insertion+Noise,NA,Insertion+Noise_NA,1504,2082,0.722,424.96,232.698,26.453,-2.964,8.757,3.381,0.07
InsNoise(34).jpg,Insertion+Noise,NA,Insertion+Noise_NA,1472,2044,0.72,401.16,223.915,24.825,-3.139,10.445,3.591,0.065
InsNoise(35).jpg,Insertion+Noise,NA,Insertion+Noise_NA,1520,2095,0.726,444.08,225.247,26.852,-3.014,8.896,3.581,0.066
InsNoise(36).jpg,Insertion+Noise,NA,Insertion+Noise_NA,1472,2058,0.715,362.94,230.646,21.842,-3.84,16.544,3.456,0.055
InsNoise(37).jpg,Insertion+Noise,NA,Insertion+Noise_NA,1312,1810,0.725,315.48,244.473,26.261,-3.388,11.521,2.547,0.067
InsNoise(38).jpg,Insertion+Noise,NA,Insertion+Noise_NA,1456,2018,0.722,470.55,230.173,31.978,-2.627,6.486,3.752,0.077
InsNoise(39).jpg,Insertion+Noise,NA,Insertion+Noise_NA,1424,1980,0.719,357.46,238.509,27.335,-3.566,13.578,3.398,0.06
InsNoise(4).jpg,Insertion+Noise,NA,Insertion+Noise_NA,1472,2044,0.72,358.98,217.646,21.129,-3.767,15.919,3.444,0.041
InsNoise(40).jpg,Insertion+Noise,NA,Insertion+Noise_NA,1456,2018,0.722,367.53,209.969,20.518,-3.149,11.909,3.72,0.057
InsNoise(41).jpg,Insertion+Noise,NA,Insertion+Noise_NA,1488,2056,0.724,344.85,245.609,26.985,-3.987,16.544,2.218,0.054
InsNoise(42).jpg,Insertion+Noise,NA,Insertion+Noise_NA,1472,2045,0.72,311.65,223.723,18.999,-3.592,15.399,3.452,0.042
InsNoise(43).jpg,Insertion+Noise,NA,Insertion+Noise_NA,1456,2018,0.722,388.22,219.412,23.374,-2.908,8.969,3.73,0.064
InsNoise(44).jpg,Insertion+Noise,NA,Insertion+Noise_NA,1456,2018,0.722,309.91,223.159,18.759,-3.498,14.871,3.484,0.045
InsNoise(45).jpg,Insertion+Noise,NA,Insertion+Noise_NA,1472,2044,0.72,404.95,215.884,31.871,-2.986,8.591,3.714,0.066
InsNoise(46).jpg,Insertion+Noise,NA,Insertion+Noise_NA,1472,2058,0.715,359.48,225.521,20.87,-3.158,10.758,3.503,0.055
InsNoise(47).jpg,Insertion+Noise,NA,Insertion+Noise_NA,1488,2056,0.724,336.76,234.515,23.928,-3.801,15.407,3.1,0.05
InsNoise(48).jpg,Insertion+Noise,NA,Insertion+Noise_NA,1504,2095,0.718,424.08,225.495,31.307,-2.941,8.385,3.736,0.069
InsNoise(49).jpg,Insertion+Noise,NA,Insertion+Noise_NA,1520,2098,0.724,445.63,208.25,24.07,-2.762,9.146,3.887,0.07
InsNoise(5).jpg,Insertion+Noise,NA,Insertion+Noise_NA,1472,2044,0.72,368.39,230.347,26.646,-3.399,12.113,3.479,0.055
InsNoise(50).jpg,Insertion+Noise,NA,Insertion+Noise_NA,1488,2070,0.719,338.9,211.627,19.952,-3.567,15.17,3.61,0.048
InsNoise(6).jpg,Insertion+Noise,NA,Insertion+Noise_NA,1472,2044,0.72,415.02,231.29,30.014,-3.085,9.304,3.343,0.067
InsNoise(7).jpg,Insertion+Noise,NA,Insertion+Noise_NA,1488,2058,0.723,390.91,231.377,25.597,-3.241,10.803,3.409,0.06
InsNoise(8).jpg,Insertion+Noise,NA,Insertion+Noise_NA,1504,2084,0.722,379.47,234.09,24.663,-3.396,12.022,3.359,0.057
InsNoise(9).jpg,Insertion+Noise,NA,Insertion+Noise_NA,1488,2072,0.718,355.19,235.473,25.518,-3.733,14.857,3.15,0.058
Noise(1).jpg,Noise,NA,Noise_NA,1504,2070,0.727,417.85,223.747,28.723,-3.033,9.03,3.583,0.068
Noise(10).jpg,Noise,NA,Noise_NA,1504,2084,0.722,375.68,232.249,25.406,-3.643,14.3,3.387,0.059
Noise(11).jpg,Noise,NA,Noise_NA,1472,2044,0.72,327.46,235.377,19.863,-3.539,14.087,3.163,0.055
Noise(12).jpg,Noise,NA,Noise_NA,1488,2070,0.719,349.87,226.721,20.835,-3.383,13.241,3.481,0.06
Noise(13).jpg,Noise,NA,Noise_NA,1504,2070,0.727,436.47,228.917,26.861,-2.986,9.003,3.541,0.073
Noise(14).jpg,Noise,NA,Noise_NA,1472,2044,0.72,345.68,227.327,21.844,-3.723,15.17,3.32,0.056
Noise(15).jpg,Noise,NA,Noise_NA,1504,2095,0.718,288.12,228.788,16.181,-3.994,20.305,3.22,0.041
Noise(16).jpg,Noise,NA,Noise_NA,1504,2095,0.718,293.98,228.771,16.568,-3.745,17.364,3.279,0.048
Noise(17).jpg,Noise,NA,Noise_NA,1472,2045,0.72,422.63,234.199,32.753,-3.042,9.246,3.668,0.065
Noise(18).jpg,Noise,NA,Noise_NA,1472,2030,0.725,453.55,231.232,34.046,-2.673,7.239,3.91,0.074
Noise(19).jpg,Noise,NA,Noise_NA,1408,1952,0.721,306.82,221.849,20.336,-3.634,15.536,3.447,0.052
Noise(2).jpg,Noise,NA,Noise_NA,1488,2058,0.723,336.17,217.979,20.056,-3.794,17.259,3.483,0.037
Noise(20).jpg,Noise,NA,Noise_NA,1456,2006,0.726,364.23,223.106,23.381,-3.156,11.16,3.628,0.062
Noise(21).jpg,Noise,NA,Noise_NA,1488,2070,0.719,443.44,217.244,34.988,-2.673,6.563,3.899,0.073
Noise(22).jpg,Noise,NA,Noise_NA,1472,2032,0.724,444.59,220.139,25.852,-2.402,5.472,3.834,0.081
Noise(23).jpg,Noise,NA,Noise_NA,1440,2006,0.718,310.77,240.478,23.292,-3.254,11.833,3.227,0.053
Noise(24).jpg,Noise,NA,Noise_NA,1472,2058,0.715,425.97,226.745,26.407,-3.032,9.325,3.604,0.069
Noise(25).jpg,Noise,NA,Noise_NA,1472,2044,0.72,446.14,226.551,27.764,-2.805,7.682,3.64,0.075
Noise(26).jpg,Noise,NA,Noise_NA,1488,2056,0.724,407.88,228.693,27.175,-3.163,10.163,3.583,0.064
Noise(27).jpg,Noise,NA,Noise_NA,1504,2084,0.722,437.16,223.939,31.446,-2.884,8.135,3.832,0.071
Noise(28).jpg,Noise,NA,Noise_NA,1536,2122,0.724,441.52,228.198,29.022,-2.884,8.531,3.712,0.066
Noise(29).jpg,Noise,NA,Noise_NA,1536,2136,0.719,384.06,233.454,24.813,-3.165,10.264,3.404,0.057
Noise(3).jpg,Noise,NA,Noise_NA,1504,2070,0.727,386.41,220.247,22.049,-3.534,14.132,3.581,0.041
Noise(30).jpg,Noise,NA,Noise_NA,1472,2044,0.72,349.55,210.503,22.474,-3.426,13.904,3.635,0.056
Noise(31).jpg,Noise,NA,Noise_NA,1456,2018,0.722,311.17,229.332,19.625,-3.713,15.875,3.314,0.049
Noise(32).jpg,Noise,NA,Noise_NA,1408,1966,0.716,339.06,235.745,30.352,-3.228,10.977,3.581,0.046
Noise(33).jpg,Noise,NA,Noise_NA,1504,2082,0.722,419.22,232.713,26.394,-2.964,8.764,3.365,0.072
Noise(34).jpg,Noise,NA,Noise_NA,1472,2044,0.72,392.99,223.968,24.837,-3.125,10.41,3.579,0.066
Noise(35).jpg,Noise,NA,Noise_NA,1520,2095,0.726,448.11,225.362,26.873,-3.009,8.882,3.514,0.067
Noise(36).jpg,Noise,NA,Noise_NA,1472,2058,0.715,358.65,230.707,21.821,-3.821,16.431,3.445,0.056
Noise(37).jpg,Noise,NA,Noise_NA,1312,1810,0.725,328.95,244.62,26.253,-3.395,11.586,2.402,0.068
Noise(38).jpg,Noise,NA,Noise_NA,1456,2018,0.722,467.04,230.202,31.909,-2.626,6.491,3.74,0.078
Noise(39).jpg,Noise,NA,Noise_NA,1424,1980,0.719,352.74,238.68,27.339,-3.557,13.557,3.272,0.06
Noise(4).jpg,Noise,NA,Noise_NA,1472,2044,0.72,350.02,217.648,21.136,-3.748,15.809,3.437,0.043
Noise(40).jpg,Noise,NA,Noise_NA,1456,2018,0.722,365.56,209.946,20.615,-3.108,11.682,3.729,0.06
Noise(41).jpg,Noise,NA,Noise_NA,1488,2056,0.724,349.14,245.727,26.974,-3.988,16.573,2.067,0.054
Noise(42).jpg,Noise,NA,Noise_NA,1472,2045,0.72,300.81,223.711,18.987,-3.56,15.235,3.447,0.045
Noise(43).jpg,Noise,NA,Noise_NA,1456,2018,0.722,383.0,219.397,23.408,-2.888,8.885,3.733,0.067
Noise(44).jpg,Noise,NA,Noise_NA,1456,2018,0.722,309.6,223.124,18.837,-3.453,14.685,3.496,0.048
Noise(45).jpg,Noise,NA,Noise_NA,1472,2044,0.72,398.55,215.827,31.886,-2.973,8.539,3.717,0.067
Noise(46).jpg,Noise,NA,Noise_NA,1472,2058,0.715,354.32,225.576,20.897,-3.137,10.621,3.476,0.056
Noise(47).jpg,Noise,NA,Noise_NA,1488,2056,0.724,332.45,234.51,23.914,-3.798,15.383,3.089,0.05
Noise(48).jpg,Noise,NA,Noise_NA,1504,2095,0.718,421.66,225.558,31.328,-2.935,8.354,3.718,0.07
Noise(49).jpg,Noise,NA,Noise_NA,1520,2098,0.724,446.72,208.222,24.162,-2.725,8.981,3.891,0.073
Noise(5).jpg,Noise,NA,Noise_NA,1472,2044,0.72,365.67,230.362,26.674,-3.383,12.015,3.469,0.057
Noise(50).jpg,Noise,NA,Noise_NA,1488,2070,0.719,337.42,211.646,20.04,-3.521,14.895,3.596,0.051
Noise(6).jpg,Noise,NA,Noise_NA,1472,2044,0.72,408.5,231.292,29.978,-3.082,9.292,3.337,0.067
Noise(7).jpg,Noise,NA,Noise_NA,1488,2058,0.723,380.19,231.393,25.584,-3.235,10.771,3.4,0.061
Noise(8).jpg,Noise,NA,Noise_NA,1504,2084,0.722,381.57,234.042,24.664,-3.381,11.954,3.366,0.059
Noise(9).jpg,Noise,NA,Noise_NA,1488,2072,0.718,354.61,235.467,25.49,-3.727,14.823,3.137,0.059
Normal(1).jpg,Normal,NA,Normal_NA,1504,2070,0.727,258.48,223.761,28.687,-3.038,9.048,3.581,0.068
Normal(10).jpg,Normal,NA,Normal_NA,1504,2084,0.722,233.2,232.292,25.388,-3.648,14.332,3.4,0.059
Normal(11).jpg,Normal,NA,Normal_NA,1472,2044,0.72,205.25,235.433,19.83,-3.545,14.124,3.181,0.055
Normal(12).jpg,Normal,NA,Normal_NA,1488,2070,0.719,215.9,226.731,20.705,-3.405,13.359,3.469,0.058
Normal(13).jpg,Normal,NA,Normal_NA,1504,2070,0.727,266.62,228.954,26.816,-2.996,9.052,3.535,0.072
Normal(14).jpg,Normal,NA,Normal_NA,1472,2044,0.72,215.09,227.346,21.782,-3.738,15.25,3.314,0.055
Normal(15).jpg,Normal,NA,Normal_NA,1504,2095,0.718,181.59,228.8,16.034,-4.031,20.555,3.205,0.039
Normal(16).jpg,Normal,NA,Normal_NA,1504,2095,0.718,185.0,228.796,16.417,-3.782,17.629,3.267,0.046
Normal(17).jpg,Normal,NA,Normal_NA,1472,2045,0.72,253.5,234.264,32.729,-3.047,9.259,3.666,0.064
Normal(18).jpg,Normal,NA,Normal_NA,1472,2030,0.725,272.49,231.301,34.019,-2.677,7.252,3.909,0.072
Normal(19).jpg,Normal,NA,Normal_NA,1408,1952,0.721,189.87,221.857,20.225,-3.661,15.709,3.443,0.051
Normal(2).jpg,Normal,NA,Normal_NA,1488,2058,0.723,205.83,217.979,19.911,-3.84,17.53,3.467,0.033
Normal(20).jpg,Normal,NA,Normal_NA,1456,2006,0.726,223.07,223.111,23.286,-3.172,11.233,3.618,0.061
Normal(21).jpg,Normal,NA,Normal_NA,1488,2070,0.719,263.03,217.264,34.879,-2.686,6.601,3.878,0.07
Normal(22).jpg,Normal,NA,Normal_NA,1472,2032,0.724,267.61,220.146,25.758,-2.411,5.502,3.824,0.079
Normal(23).jpg,Normal,NA,Normal_NA,1440,2006,0.718,194.55,240.555,23.247,-3.26,11.84,3.231,0.053
Normal(24).jpg,Normal,NA,Normal_NA,1472,2058,0.715,256.85,226.793,26.323,-3.048,9.391,3.587,0.067
Normal(25).jpg,Normal,NA,Normal_NA,1472,2044,0.72,268.84,226.597,27.678,-2.82,7.739,3.626,0.073
Normal(26).jpg,Normal,NA,Normal_NA,1488,2056,0.724,247.64,228.747,27.111,-3.172,10.201,3.578,0.063
Normal(27).jpg,Normal,NA,Normal_NA,1504,2084,0.722,261.8,223.99,31.37,-2.895,8.173,3.82,0.069
Normal(28).jpg,Normal,NA,Normal_NA,1536,2122,0.724,271.64,228.231,28.984,-2.889,8.555,3.716,0.065
Normal(29).jpg,Normal,NA,Normal_NA,1536,2136,0.719,240.76,233.512,24.789,-3.166,10.252,3.427,0.056
Normal(3).jpg,Normal,NA,Normal_NA,1504,2070,0.727,235.96,220.256,21.965,-3.559,14.265,3.574,0.04
Normal(30).jpg,Normal,NA,Normal_NA,1472,2044,0.72,214.13,210.5,22.344,-3.46,14.094,3.621,0.053
Normal(31).jpg,Normal,NA,Normal_NA,1456,2018,0.722,191.64,229.349,19.514,-3.74,16.047,3.3,0.046
Normal(32).jpg,Normal,NA,Normal_NA,1408,1966,0.716,204.63,235.819,30.336,-3.232,10.981,3.582,0.045
Normal(33).jpg,Normal,NA,Normal_NA,1504,2082,0.722,259.24,232.792,26.393,-2.964,8.751,3.394,0.071
Normal(34).jpg,Normal,NA,Normal_NA,1472,2044,0.72,238.59,223.981,24.719,-3.139,10.448,3.563,0.064
Normal(35).jpg,Normal,NA,Normal_NA,1520,2095,0.726,279.86,225.389,26.831,-3.027,8.964,3.505,0.065
Normal(36).jpg,Normal,NA,Normal_NA,1472,2058,0.715,220.17,230.744,21.737,-3.84,16.534,3.438,0.055
Normal(37).jpg,Normal,NA,Normal_NA,1312,1810,0.725,207.82,244.815,26.276,-3.413,11.661,2.361,0.067
Normal(38).jpg,Normal,NA,Normal_NA,1456,2018,0.722,287.06,230.233,31.899,-2.63,6.497,3.747,0.077
Normal(39).jpg,Normal,NA,Normal_NA,1424,1980,0.719,220.32,238.742,27.326,-3.562,13.558,3.271,0.06
Normal(4).jpg,Normal,NA,Normal_NA,1472,2044,0.72,215.33,217.647,21.041,-3.781,16.007,3.425,0.04
Normal(40).jpg,Normal,NA,Normal_NA,1456,2018,0.722,219.1,209.951,20.444,-3.144,11.86,3.709,0.057
Normal(41).jpg,Normal,NA,Normal_NA,1488,2056,0.724,221.64,245.897,26.99,-4.001,16.614,2.022,0.054
Normal(42).jpg,Normal,NA,Normal_NA,1472,2045,0.72,185.24,223.729,18.852,-3.59,15.361,3.434,0.041
Normal(43).jpg,Normal,NA,Normal_NA,1456,2018,0.722,229.35,219.415,23.272,-2.909,8.963,3.719,0.063
Normal(44).jpg,Normal,NA,Normal_NA,1456,2018,0.722,186.4,223.153,18.614,-3.497,14.897,3.473,0.045
Normal(45).jpg,Normal,NA,Normal_NA,1472,2044,0.72,240.32,215.842,31.793,-2.986,8.586,3.708,0.065
Normal(46).jpg,Normal,NA,Normal_NA,1472,2058,0.715,216.29,225.578,20.813,-3.15,10.685,3.468,0.055
Normal(47).jpg,Normal,NA,Normal_NA,1488,2056,0.724,209.06,234.563,23.902,-3.801,15.397,3.115,0.05
Normal(48).jpg,Normal,NA,Normal_NA,1504,2095,0.718,257.0,225.589,31.292,-2.94,8.369,3.713,0.069
Normal(49).jpg,Normal,NA,Normal_NA,1520,2098,0.724,269.09,208.23,24.001,-2.761,9.142,3.876,0.069
Normal(5).jpg,Normal,NA,Normal_NA,1472,2044,0.72,224.07,230.414,26.603,-3.397,12.089,3.471,0.055
Normal(50).jpg,Normal,NA,Normal_NA,1488,2070,0.719,208.67,211.644,19.895,-3.561,15.103,3.583,0.048
Normal(6).jpg,Normal,NA,Normal_NA,1472,2044,0.72,252.59,231.364,29.971,-3.086,9.307,3.355,0.067
Normal(7).jpg,Normal,NA,Normal_NA,1488,2058,0.723,234.3,231.436,25.532,-3.24,10.784,3.41,0.06
Normal(8).jpg,Normal,NA,Normal_NA,1504,2084,0.722,233.71,234.141,24.599,-3.394,12.009,3.369,0.057
Normal(9).jpg,Normal,NA,Normal_NA,1488,2072,0.718,221.96,235.548,25.478,-3.734,14.853,3.165,0.058
